transaction_hash,transaction_time,from_address,to_address,amount
0xa6d0e596851e59b596b62a973bd895ff8a9403dee686973a9a6c484fdcea59f2,2024-07-24 17:52:39.000 UTC,0xac9f53d2a8366071486d8989126e82dfdf10ec81,0x9992f660137979c1ca7f8b119cd16361594e3681,50
0xb51a7c47f0fec7d4b1e4ddc47a2e4e1cf5b6b7c77a75861b39cba8c774f98180,2024-06-22 13:38:22.000 UTC,0x9a3e8ea6e6574f805478cd98ada9cdc17fbe5203,0xc6f780497a95e246eb9449f5e4770916dcd6396a,5
0x7069a132d13b4eebc1b6dfaed8a4a78388224fe4bc292c62149a472ed825242e,2024-07-23 00:31:45.000 UTC,0x58c4f03a954e4cbb1b8e204a881a8e9a99d015dd,0x9b99e9c620b2e2f09e0b9fced8f679eecf2653fe,6.32906942
0xb83b5aa00511981df512c7c85d18edb1928aa0342f3d8f2ebbb0e3e25adffc5f,2024-08-01 02:41:19.000 UTC,0x58c4f03a954e4cbb1b8e204a881a8e9a99d015dd,0x941f5ce03fe2c68afb3ec3d6535b1e6f101b148a,157.3094687
0x138df70bd5c6ce05f29e6c84dee3fdd866c1c52e13b24a5d90f033007e373619,2024-07-30 02:14:26.000 UTC,0x58c4f03a954e4cbb1b8e204a881a8e9a99d015dd,0x941f5ce03fe2c68afb3ec3d6535b1e6f101b148a,18.25698315
0x0fdc1cda157d9ffea847c1f1cb8d5a8a6454fe477422c28b13bdb7121bb6bd0a,2024-07-23 22:07:02.000 UTC,0x58c4f03a954e4cbb1b8e204a881a8e9a99d015dd,0x941f5ce03fe2c68afb3ec3d6535b1e6f101b148a,24.66026321
0x4dac02b385a4103d112f13584bf58a57dbb503dc4231be5cd6bc278e4aea7e20,2024-07-24 03:50:03.000 UTC,0x58c4f03a954e4cbb1b8e204a881a8e9a99d015dd,0x9b99e9c620b2e2f09e0b9fced8f679eecf2653fe,9.20810318
0x044087471c69afb624602c304d4f2321fdd08d4c9e5c1ef0e85f843990b5e494,2024-07-15 03:24:21.000 UTC,0x58c4f03a954e4cbb1b8e204a881a8e9a99d015dd,0x941f5ce03fe2c68afb3ec3d6535b1e6f101b148a,10.28861795
0x467ff68a0b76af2388e1aa2e3d12328e6c76e28c31f6799e927007ba40b8804d,2024-07-03 06:40:12.000 UTC,0x6053cc3bc8c0edc367a6348ae02fb74f4efa4e52,0x9b99e9c620b2e2f09e0b9fced8f679eecf2653fe,28.35169891
0xf894d3aaee6b31db49cbb91f18b5c752119224ff08cd0caf6889469eb0bc8cc5,2024-07-26 17:07:45.000 UTC,0xac9f53d2a8366071486d8989126e82dfdf10ec81,0x5f515f6c524b18ca30f7783fb58dd4be2e9904ec,1915.172789
0xc0fc085cc2d80112a8ed8958609847f4c0b0185c6fcf35eef451d15844a2c05b,2024-06-21 00:01:23.000 UTC,0x6053cc3bc8c0edc367a6348ae02fb74f4efa4e52,0x63b4d1604f42e0eb11070ed9883c1ea59cedab70,0.661900909
0xaa44c6287bd646f43ea2853db4e42fae390879d61507dfe2e4b532f557a7a6b2,2024-07-26 15:17:37.000 UTC,0xd5dbb9e213545a4d8248d671bfcf6e5fa6e72faf,0x1231deb6f5749ef6ce6943a275a1d3e7486f4eae,6.2
0xaa5c6a3110ea94c35a684d71cf0806e4d6c3a79f541ea25c008997ac6ac40198,2024-08-01 08:36:24.000 UTC,0xd5dbb9e213545a4d8248d671bfcf6e5fa6e72faf,0x1231deb6f5749ef6ce6943a275a1d3e7486f4eae,7.05952
0xf423b1fffff4c98e1d2f8014d7443984488d533b516a78fa64991ecc7d67252f,2024-07-18 03:52:14.000 UTC,0xd5dbb9e213545a4d8248d671bfcf6e5fa6e72faf,0x7f3f2a499c00c2d7018300f99a232896fd295bb1,0.8
0xe77f8c6d2280744f7ed06f4510d2eadd5df147ff9febdbfacccdb108bc21fcd5,2024-07-18 03:59:16.000 UTC,0xd5dbb9e213545a4d8248d671bfcf6e5fa6e72faf,0x7f3f2a499c00c2d7018300f99a232896fd295bb1,0.5
0xc8f99df8c10538d3be0055ab31428bb4920893c1a9b7efef8860896393b14cfe,2024-06-24 07:48:00.000 UTC,0xd5dbb9e213545a4d8248d671bfcf6e5fa6e72faf,0x1231deb6f5749ef6ce6943a275a1d3e7486f4eae,112.69
0x2ea2de8b4c35e59bf3eb787f87d8aaa869490f44aea3d2cfc0e843368acc0891,2024-07-17 05:53:34.000 UTC,0xd5dbb9e213545a4d8248d671bfcf6e5fa6e72faf,0x9b99e9c620b2e2f09e0b9fced8f679eecf2653fe,2.271486101
0xdfd712db288e6b31ab7f8b79a24c74b9c95fb6da6e61e718ae1e570aa46f09df,2024-07-21 03:13:32.000 UTC,0xd5dbb9e213545a4d8248d671bfcf6e5fa6e72faf,0x18a192dfe0be1e5e9aa424738fdad800646283b2,0.4
0x4bc4b87b62e7a17f0e79cdb3fb2b9e696ca6982df2f62b8abc240cc79081bfa8,2024-07-21 03:47:16.000 UTC,0xd5dbb9e213545a4d8248d671bfcf6e5fa6e72faf,0x1231deb6f5749ef6ce6943a275a1d3e7486f4eae,2.6
0x8238e3573ed56a25a787575ed66059af76bf3dfff64460617def6cf9c0669d61,2024-07-21 04:11:03.000 UTC,0xd5dbb9e213545a4d8248d671bfcf6e5fa6e72faf,0x1231deb6f5749ef6ce6943a275a1d3e7486f4eae,0.8
0x5e7d9505f8fcbee567613f2ba34ed3ac86746797bbbbe8b015c4d95e52c99031,2024-07-04 02:19:00.000 UTC,0xd5dbb9e213545a4d8248d671bfcf6e5fa6e72faf,0xe37e799d5077682fa0a244d46e5649f71457bd09,14.50502476
0x6b677a2bfc91f5000a73408ddc5b319eb8edccaa2d388ce3130a775035b4d833,2024-07-08 09:36:34.000 UTC,0xd5dbb9e213545a4d8248d671bfcf6e5fa6e72faf,0x1231deb6f5749ef6ce6943a275a1d3e7486f4eae,59.79419459
0xf5b9df795595e34d12499c0aa1ddd7ee724625d3c0ebace18ce0c1ff5d8b1d34,2024-07-08 15:04:10.000 UTC,0x1b648ade1ef219c87987cd60eba069a7faf1621f,0x9b99e9c620b2e2f09e0b9fced8f679eecf2653fe,902.0617598
0x4b3bb4e7dfdd2c6717b62aaffb66818792c0beffdf3ea0f90f8f123ddbccf8fe,2024-07-16 23:40:00.000 UTC,0x1b648ade1ef219c87987cd60eba069a7faf1621f,0x11ddd59c33c73c44733b4123a86ea5ce57f6e854,1005.868944
0x37059611ba3c4ab5531e8ccf3c83e3b8c1b74453bcc27d0d56375b1d62a2a94a,2024-07-17 00:17:21.000 UTC,0x1b648ade1ef219c87987cd60eba069a7faf1621f,0x54c01260ffbb4c7ae6a319ad5641659e56c1385f,9.334639598
0x6c8be4bc61430833faa980470498a0bcb134b7218c7632423fc68b652ce0f616,2024-07-17 00:22:56.000 UTC,0x1b648ade1ef219c87987cd60eba069a7faf1621f,0x54c01260ffbb4c7ae6a319ad5641659e56c1385f,9.334639598
0xf5b3db14071bac1fde274768dd230d2b815903b4686c28c7450f17cc2560be3d,2024-07-09 14:05:06.000 UTC,0x1b648ade1ef219c87987cd60eba069a7faf1621f,0x9b99e9c620b2e2f09e0b9fced8f679eecf2653fe,608.8254113
0x33b6a2bfd4f3146f7121b858f82ad24c57c197417e4a04de28ca30c833f11d82,2024-07-24 01:54:41.000 UTC,0x1b648ade1ef219c87987cd60eba069a7faf1621f,0x11ddd59c33c73c44733b4123a86ea5ce57f6e854,1693.536256
0x1e39828dfe61d3ebf83770be552c8740451b00d95bcb54c24e5ae1cac995d1cc,2024-07-09 15:34:04.000 UTC,0x1b648ade1ef219c87987cd60eba069a7faf1621f,0x11ddd59c33c73c44733b4123a86ea5ce57f6e854,98.84307918
0xa63a4aa1449eb7376229fccaa9dd0c5c06525b8cab6084cca5e49d6adc52d460,2024-06-25 21:33:41.000 UTC,0x1b648ade1ef219c87987cd60eba069a7faf1621f,0x61178775c2239117745ae76c8ab9fcde737c275d,1416.177896
0xb7f6f302f23615aeddad33bdd662599bd586f609584786747501389850d42459,2024-06-24 08:47:10.000 UTC,0xf45f86940c37b01eb9bf99512e6a33bbd657a95a,0x1231deb6f5749ef6ce6943a275a1d3e7486f4eae,69.14
0x6347ecece837acf66c1183af13be102101f0616f3f682d8ba14340bf6a7a8171,2024-07-02 01:34:41.000 UTC,0x0246b0a279dd8466ecba9b3b0af5f51076763e09,0xe37e799d5077682fa0a244d46e5649f71457bd09,126.9655405
0x0386c184cf0b4296dbc4774b07b63986504251258a7ec38ff06d56240b5ec54f,2024-07-16 22:14:09.000 UTC,0xf45f86940c37b01eb9bf99512e6a33bbd657a95a,0xe37e799d5077682fa0a244d46e5649f71457bd09,20
0x02964c1704740ef605bef82da722c3fd87c3ca2d416c3b966baae16e3b2f8ff2,2024-07-08 23:48:59.000 UTC,0x040007a949fa726f50810f6c98b1b620b50793a2,0xc6f780497a95e246eb9449f5e4770916dcd6396a,8.7
0xec75f030c86da90a7fefc19c545cd82defd9d4bfed8545e10b3c18e14157d2db,2024-07-09 21:22:50.000 UTC,0x040007a949fa726f50810f6c98b1b620b50793a2,0x1231deb6f5749ef6ce6943a275a1d3e7486f4eae,7
0x39c5af569e4e4a413a55b7cd9a9166e0d34e92b3366b701d918ac6e5b61654a9,2024-07-25 15:06:23.000 UTC,0x58c4f03a954e4cbb1b8e204a881a8e9a99d015dd,0x941f5ce03fe2c68afb3ec3d6535b1e6f101b148a,26.56045457
0x3aeef0a7f77b4664b6839326c18c7c082ad5172ddd4d03c226ee7ea805c05f0f,2024-07-17 23:48:30.000 UTC,0x58c4f03a954e4cbb1b8e204a881a8e9a99d015dd,0x941f5ce03fe2c68afb3ec3d6535b1e6f101b148a,24.41377419
0x25b3e63575c63825f7918b76021e053262c340df9a358f8f5223b411b8b7a384,2024-07-22 12:17:25.000 UTC,0x58c4f03a954e4cbb1b8e204a881a8e9a99d015dd,0x941f5ce03fe2c68afb3ec3d6535b1e6f101b148a,17.37636418
0x0fa974b10ac78f576832f5da627d19412dfe20e887a04e2d1247222094090f8c,2024-07-27 02:28:13.000 UTC,0x58c4f03a954e4cbb1b8e204a881a8e9a99d015dd,0x941f5ce03fe2c68afb3ec3d6535b1e6f101b148a,26.81586063
0x9b6a6b4d760403a87aec85c2a105b8ff88354310e9665586e343ad01ff56c733,2024-07-28 06:55:46.000 UTC,0x58c4f03a954e4cbb1b8e204a881a8e9a99d015dd,0x941f5ce03fe2c68afb3ec3d6535b1e6f101b148a,15.55471052
0x39014823cee51515e837c634272bee681e18ecc1827792c58977917f0c3c3fa4,2024-06-24 14:44:19.000 UTC,0x58c4f03a954e4cbb1b8e204a881a8e9a99d015dd,0x61178775c2239117745ae76c8ab9fcde737c275d,17.7
0xa86561dbb320fc59bc155e018664d953984e0cdb4b4e6859b7650dbfa493a968,2024-07-20 15:48:35.000 UTC,0x58c4f03a954e4cbb1b8e204a881a8e9a99d015dd,0x941f5ce03fe2c68afb3ec3d6535b1e6f101b148a,27.2164034
0x992a1e2b7847179676742c11b54ffc356af505d6ed550898fa2f8d0d280a42a3,2024-07-09 07:40:14.000 UTC,0xf45f86940c37b01eb9bf99512e6a33bbd657a95a,0x1231deb6f5749ef6ce6943a275a1d3e7486f4eae,27
0x684c496ec70c48e2b1d5ad19f963dc3b8b5407f932b5058ac67d067d8c79e8b9,2024-07-19 00:13:36.000 UTC,0xf45f86940c37b01eb9bf99512e6a33bbd657a95a,0x1231deb6f5749ef6ce6943a275a1d3e7486f4eae,6.6
0xe4571e8c3d58dfdc4f3c46de3df710bbd41c67af73c1e18780a77b6f07a88256,2024-07-03 04:43:00.000 UTC,0xf45f86940c37b01eb9bf99512e6a33bbd657a95a,0x5ebbcc9ec6d63b2894b8d146bf58e6b2c377a169,772.3056433
0xbca81b540066ad35c8415f1b5cdc17ee8d8f28c9c2583f5d593246d8fd81bae6,2024-06-22 14:35:53.000 UTC,0xf4b40b20572d117ead7b5ca3c7eff7d3cbdc4067,0x2dade5b7df9da3a7e1c9748d169cd6dff77e3d01,5
0xe3b1d73747f054add21b4d91f068c91b3db6e3284e71f293300da5b06a77d008,2024-07-05 10:28:38.000 UTC,0x040007a949fa726f50810f6c98b1b620b50793a2,0x51c72848c68a965f66fa7a88855f9f7784502a7f,3.517393086
0xb9e63ca5ad7a47cce2f02de39f819e597f03c911ec5d69cea894bb049fd71cc9,2024-07-05 10:34:52.000 UTC,0x040007a949fa726f50810f6c98b1b620b50793a2,0x51c72848c68a965f66fa7a88855f9f7784502a7f,17
0xe232247592f7ad54d4c6aa30d5958e76099a292d9aa098df709d8cf5fd20df19,2024-06-24 07:49:41.000 UTC,0x9a3e8ea6e6574f805478cd98ada9cdc17fbe5203,0xdb6f1920a889355780af7570773609bd8cb1f498,33.04
0x0c179c385a5fe0f36b1cb470dff60236ebaad78df8d9afb1208f0647b19847dd,2024-07-04 21:49:05.000 UTC,0x040007a949fa726f50810f6c98b1b620b50793a2,0x6c615481e96806edbd9987b6e522a4ea85d13659,7
0x1f0d7706171c2fcbe95bd5c5930dd955b6eb921e919be27066f741ae6dc2f184,2024-07-04 11:01:42.000 UTC,0x6c2227158c65870ff346287cbd123cb840cdd62d,0xed9e3f98bbed560e66b89aac922e29d4596a9642,14.91
0xc075727fdefe4f265134a1223022795c0a315c5ea52f8c7fa5c40d7e76b3a958,2024-06-30 12:47:18.000 UTC,0x4e90da1ddcd5b0fb295b6a69251b5d04d5bcca7a,0x83bb6048d55ea0a84795a939531fdc1314c0d3e3,224.4189304
0x9458a0b3289c55ee383d1d1419c442d9eb83252e0dcd3a43b2da4510ba11d2f0,2024-07-29 22:43:25.000 UTC,0x5275817b74021e97c980e95ede6bbac0d0d6f3a2,0x5ebbcc9ec6d63b2894b8d146bf58e6b2c377a169,943.7413615
0x24f2242667f8189ddf11ffeda9e7d4878431a0bc992381655c83e0a44a4b5ae0,2024-07-29 22:45:45.000 UTC,0x5275817b74021e97c980e95ede6bbac0d0d6f3a2,0x5ebbcc9ec6d63b2894b8d146bf58e6b2c377a169,357.5864218
0x7ef95e6542ed97f57d2deafa9e8a15b5b314462d64b67a73a4c2a1185b8daf7b,2024-07-23 14:42:27.000 UTC,0x5275817b74021e97c980e95ede6bbac0d0d6f3a2,0xffffffaeff0b96ea8e4f94b2253f31abdd875847,283.9662214
0x8d02bceed2e41bfdac1517097f8b3ddc10d3758e3719da7aeb07a02b054129df,2024-07-17 00:20:09.000 UTC,0x5275817b74021e97c980e95ede6bbac0d0d6f3a2,0xffffffaeff0b96ea8e4f94b2253f31abdd875847,839.0608773
0x6ad50e9fbae9ea92eee7bc019513fcad520b6a9f316966e489ce7b938faaab31,2024-07-14 11:38:36.000 UTC,0x5275817b74021e97c980e95ede6bbac0d0d6f3a2,0xffffffaeff0b96ea8e4f94b2253f31abdd875847,815.1077331
0xac94c175d97873baccd33d3bd3aab538623d632fc575c6f863ccbb6ded3e2c0f,2024-07-15 00:48:03.000 UTC,0x4e90da1ddcd5b0fb295b6a69251b5d04d5bcca7a,0x1231deb6f5749ef6ce6943a275a1d3e7486f4eae,110.3551055
0x633c367a92fbce35d7fc1aaf23ac99d5f0e15e813cc2704a33e459024280f930,2024-07-01 01:09:06.000 UTC,0x5275817b74021e97c980e95ede6bbac0d0d6f3a2,0xffffffaeff0b96ea8e4f94b2253f31abdd875847,457.3969366
0xc1a41fa9f78c4fc66d14ab3b00d9b3d4628d672d751475101f8a39f2fc2a4873,2024-07-15 17:51:41.000 UTC,0x1b648ade1ef219c87987cd60eba069a7faf1621f,0x11ddd59c33c73c44733b4123a86ea5ce57f6e854,479.0920397
0x151d6645f3ae9ecb6d38ddc4048b64078248df671ab1e6c554bbce49d9778951,2024-07-15 18:56:01.000 UTC,0x1b648ade1ef219c87987cd60eba069a7faf1621f,0x11ddd59c33c73c44733b4123a86ea5ce57f6e854,229.4801836
0x5290e0e4e798675499e32ac1a50eb12ff86fc2090f9a98fc2893c1e018aa1ecf,2024-07-22 23:59:56.000 UTC,0x1b648ade1ef219c87987cd60eba069a7faf1621f,0x11ddd59c33c73c44733b4123a86ea5ce57f6e854,1028.3979
0xc1234afd4f17ad5d82ad82e302b656ff4f0a003755b03e308da8f57f7355144d,2024-07-21 00:18:28.000 UTC,0x1b648ade1ef219c87987cd60eba069a7faf1621f,0x11ddd59c33c73c44733b4123a86ea5ce57f6e854,1720.479421
0x5d7e3d43c48dd723f890b0e47d2226ac50e24ffeeb681b7f0115b9b2a4ce3622,2024-07-29 23:51:22.000 UTC,0x1b648ade1ef219c87987cd60eba069a7faf1621f,0x11ddd59c33c73c44733b4123a86ea5ce57f6e854,1779.277856
0x6f3c9a8f34b51f3a03cacd92b7c18129841ed3dcca12c8cf27fc640350714e5e,2024-07-12 17:08:58.000 UTC,0x1b648ade1ef219c87987cd60eba069a7faf1621f,0x11ddd59c33c73c44733b4123a86ea5ce57f6e854,1282.960363
0xca6f861a09ed057dd68b13c3f663ea92ee8be20fdc6e8998d909225ca63b1e06,2024-06-23 08:03:14.000 UTC,0xe7dbde2edfbf9bf3117fc2c49c524dbff2bfd76e,0x61178775c2239117745ae76c8ab9fcde737c275d,1.72
0xd233c2150c8a4e3215909005f859c6d9e81f4573d10aa2fe251cbdb0080aa76d,2024-06-23 08:28:47.000 UTC,0x1b648ade1ef219c87987cd60eba069a7faf1621f,0x61178775c2239117745ae76c8ab9fcde737c275d,833.3832398
0xc6575e0e0da29e238ca240a23b48dce3120f2d5918701c819c8dd8468157e427,2024-07-14 18:15:18.000 UTC,0x1b648ade1ef219c87987cd60eba069a7faf1621f,0x11ddd59c33c73c44733b4123a86ea5ce57f6e854,1062.225918
0xb0cefa556b88085156efec56b55e58c69e1d6ca8b61b69fa7ab24ff1353bb43a,2024-07-15 22:54:00.000 UTC,0x1b648ade1ef219c87987cd60eba069a7faf1621f,0x11ddd59c33c73c44733b4123a86ea5ce57f6e854,87.88384534
0xb66057b135dffdd20cde00f033a1e9500bc9869d5fcf426abb8ce58eb3a88487,2024-07-04 04:44:23.000 UTC,0xe7dbde2edfbf9bf3117fc2c49c524dbff2bfd76e,0x9b99e9c620b2e2f09e0b9fced8f679eecf2653fe,28.32563641
0x4b6f3e9db0b70056ff96406daa41a24994787cfeaf8f074e6080641f5739bb1f,2024-07-06 05:29:52.000 UTC,0x1b648ade1ef219c87987cd60eba069a7faf1621f,0x9b99e9c620b2e2f09e0b9fced8f679eecf2653fe,667.3434452
0xa9b90b27b22297228bdb5b3dbaad2455ecd10bd98d4e85d8e4dacf9cbe0c8eb0,2024-07-28 16:22:49.000 UTC,0x1b648ade1ef219c87987cd60eba069a7faf1621f,0x11ddd59c33c73c44733b4123a86ea5ce57f6e854,796.1563808
0x15904ed9a45b61ffbda2e14a33d1f3c0cbd958ad119b03e76ce063c0c80fcfdd,2024-06-30 04:50:32.000 UTC,0x1b648ade1ef219c87987cd60eba069a7faf1621f,0x9b99e9c620b2e2f09e0b9fced8f679eecf2653fe,928.1407632
0x2743af8def901cd0cd68a3e58ac4fa9ec80ccecd6c45e504cc12b13ad74572f2,2024-07-25 16:07:42.000 UTC,0x1b648ade1ef219c87987cd60eba069a7faf1621f,0x11ddd59c33c73c44733b4123a86ea5ce57f6e854,1030.234603
0x5a5b5257c12a63bed1e3e17615d4bc179b79fac1348355adadd629898975fe30,2024-07-02 13:56:57.000 UTC,0x1b648ade1ef219c87987cd60eba069a7faf1621f,0xc09f4ad33a164e29df3c94719ffd5f7b5b057781,463.228149
0x080a5249bddd461d15ef19f564a0519a862d98186e70295c7ed0371352627341,2024-07-09 01:52:00.000 UTC,0xd5dbb9e213545a4d8248d671bfcf6e5fa6e72faf,0xc6f780497a95e246eb9449f5e4770916dcd6396a,11.67
0xf5a86f6b6542d203e3a3f1cad6d7612dfaf484538029ffdbae0989255d861998,2024-07-06 03:56:58.000 UTC,0xd5dbb9e213545a4d8248d671bfcf6e5fa6e72faf,0x1231deb6f5749ef6ce6943a275a1d3e7486f4eae,9.664
0xb537a5be3f63bddc681bfdde6c182eed3600b618807a7fdfe827d5cc794cfb15,2024-07-12 02:05:28.000 UTC,0xd5dbb9e213545a4d8248d671bfcf6e5fa6e72faf,0xca94d8c245601b152c904f42fe788b4125f5b46b,0.9
0xa16cdbd6de114be805cd358356b9d5b14387553d695ed82ca051bb4464cd719c,2024-06-30 02:00:53.000 UTC,0xd5dbb9e213545a4d8248d671bfcf6e5fa6e72faf,0x92763d130676094ab06a38cd647aa78e8debcde9,0.4
0x5570e2519657bf53390fc654e935f397dca77fa90853546d64c0e6a217df3f86,2024-06-26 00:47:53.000 UTC,0x0246b0a279dd8466ecba9b3b0af5f51076763e09,0xe37e799d5077682fa0a244d46e5649f71457bd09,526.8223552
0x02b9cc84dde34373f281e8b39213cb70aea17689e53e320474cd98b25dad6a8e,2024-06-22 00:08:08.000 UTC,0x0246b0a279dd8466ecba9b3b0af5f51076763e09,0xe37e799d5077682fa0a244d46e5649f71457bd09,269.0092912
0x5d423a18bed87a57c8b8f74772f447b6c3fae8e078c6929ae541a2944d499699,2024-07-11 03:00:14.000 UTC,0xf45f86940c37b01eb9bf99512e6a33bbd657a95a,0x1231deb6f5749ef6ce6943a275a1d3e7486f4eae,13
0x65c8300bad90be63c9593e190a43918c78482e1c70cf62489415025c817d9802,2024-07-08 10:55:10.000 UTC,0xf45f86940c37b01eb9bf99512e6a33bbd657a95a,0x1231deb6f5749ef6ce6943a275a1d3e7486f4eae,54
0x652c6d82b829d1d1745d893ddcff52ea02442880bd67b9922ce1135ce8dbd971,2024-07-19 19:08:40.000 UTC,0xf4b40b20572d117ead7b5ca3c7eff7d3cbdc4067,0x18a192dfe0be1e5e9aa424738fdad800646283b2,50
0x1e00ceec3cac4d7e85408454b17e345c82689120ed5b10b5b530919e5452e180,2024-07-10 18:03:38.000 UTC,0xf4b40b20572d117ead7b5ca3c7eff7d3cbdc4067,0x5ebbcc9ec6d63b2894b8d146bf58e6b2c377a169,200
0xe2e14be366a3aed64afa38ecb8dec55670ae1f966d1f6c87e5cfcac9e29a3a52,2024-07-18 05:16:25.000 UTC,0x4e90da1ddcd5b0fb295b6a69251b5d04d5bcca7a,0x1231deb6f5749ef6ce6943a275a1d3e7486f4eae,33.10653164
0xc40e49616a96307aaa516bef23ccac187b495165b55cfe6fbe5e7aae30361393,2024-07-20 03:47:15.000 UTC,0x4e90da1ddcd5b0fb295b6a69251b5d04d5bcca7a,0x9b99e9c620b2e2f09e0b9fced8f679eecf2653fe,8.537123847
0xb5be120d657a02d0e7f8f4472152c437521f898663e05284de227622c9128931,2024-07-09 17:26:00.000 UTC,0x5275817b74021e97c980e95ede6bbac0d0d6f3a2,0xffffffaeff0b96ea8e4f94b2253f31abdd875847,1050.45803
0xb16abdcc6e140c5d55796e0a004f950c1951e9a8d2da087f9780e4def0e05d4b,2024-07-11 16:00:54.000 UTC,0x5275817b74021e97c980e95ede6bbac0d0d6f3a2,0xffffffaeff0b96ea8e4f94b2253f31abdd875847,530.0943044
0x150fd8bba26951cd7c7e4af22e3b459b7d62df1a2d2ebbd2b6b332de7955e661,2024-07-07 05:24:29.000 UTC,0x5275817b74021e97c980e95ede6bbac0d0d6f3a2,0xffffffaeff0b96ea8e4f94b2253f31abdd875847,864.533789
0xdde0386dd1b89a2f29b1695214e990cbdb65111699e5241fd817b5c9b4fefae8,2024-07-19 04:49:10.000 UTC,0x5275817b74021e97c980e95ede6bbac0d0d6f3a2,0xffffffaeff0b96ea8e4f94b2253f31abdd875847,652.6276262
0x05b004ae197b1a1b2badb425d32be4b04ff7c85c2b3dd96a4f7498ec753900c8,2024-07-12 19:54:31.000 UTC,0x5275817b74021e97c980e95ede6bbac0d0d6f3a2,0xffffffaeff0b96ea8e4f94b2253f31abdd875847,345.4425742
0x91712d85f0512c1bf2f737e810399b5e1905c1f6a010e0e85182e41deb265efb,2024-06-24 15:52:19.000 UTC,0x5275817b74021e97c980e95ede6bbac0d0d6f3a2,0xffffffaeff0b96ea8e4f94b2253f31abdd875847,1806.177992
0x8bafc3dd8cf07a5481b4e6be782614e74a03f8a40959836f7a9964845d0bbbc6,2024-07-01 20:12:45.000 UTC,0x5275817b74021e97c980e95ede6bbac0d0d6f3a2,0x5ebbcc9ec6d63b2894b8d146bf58e6b2c377a169,3377.999918
0x7b63632059f51ff8ea208bdb13917853de9c323d912bcb460909861a1feb1568,2024-07-11 02:21:55.000 UTC,0xd5dbb9e213545a4d8248d671bfcf6e5fa6e72faf,0x1231deb6f5749ef6ce6943a275a1d3e7486f4eae,0.7
0xb155ac592aaab902186b700ac9f5a159559ea03e89a00cbd87745434607cf6bf,2024-07-10 02:57:40.000 UTC,0xd5dbb9e213545a4d8248d671bfcf6e5fa6e72faf,0x1231deb6f5749ef6ce6943a275a1d3e7486f4eae,9.102036027
0x0c0641b7f9fa443ab4e25859140ea134708fd83570be4738e55e5d08474c691d,2024-07-19 05:40:40.000 UTC,0xd5dbb9e213545a4d8248d671bfcf6e5fa6e72faf,0x0be4ac7da6cd4bad60d96fbc6d091e1098afa358,6.69270757
0x976d152c5141916026c0e8fdc760b6b303f5af186f57239c34dbc659ed4dca12,2024-07-27 00:16:14.000 UTC,0x1b648ade1ef219c87987cd60eba069a7faf1621f,0x11ddd59c33c73c44733b4123a86ea5ce57f6e854,1355.858011
0x021357ee9056ef1c8c04deb0d60261b4493b427e6f052c81b3ddb74a84cec6b0,2024-07-04 18:48:20.000 UTC,0x1b648ade1ef219c87987cd60eba069a7faf1621f,0x9b99e9c620b2e2f09e0b9fced8f679eecf2653fe,409.183032
0x77d4d2033f1bd8a1a1dc6d270e0079bf688571e3986a43279f49a8f08cfa8f7f,2024-07-13 17:46:25.000 UTC,0x1b648ade1ef219c87987cd60eba069a7faf1621f,0x11ddd59c33c73c44733b4123a86ea5ce57f6e854,1225.228575
0xb0dff38d831275c26e1b16bef3e7763111063d87c5f719a5dd6a74a99d49a4d8,2024-07-18 16:47:48.000 UTC,0x1b648ade1ef219c87987cd60eba069a7faf1621f,0xc1b19a08c2798c6930b8f3a44b7b0d08f4e198b8,862.891148
0x2ec4097933a161a65aa24cba16523205ce51d977187c960ae23e454af15148ba,2024-07-06 07:35:50.000 UTC,0x4e90da1ddcd5b0fb295b6a69251b5d04d5bcca7a,0x83bb6048d55ea0a84795a939531fdc1314c0d3e3,53.39831646
0x005b14847dd6642a02d6805609591e38b0e419ca7ed842a69e7c84c9ee3d4783,2024-06-25 01:16:28.000 UTC,0x2c0b08c414a8ee088596832cf64efca283d46703,0x0a2854fbbd9b3ef66f17d47284e7f899b9509330,330.01
0x7caf813603d5267bd11382b57475026c5c92922da8d618b66f5bff0776d2c7e0,2024-07-04 15:53:01.000 UTC,0x5275817b74021e97c980e95ede6bbac0d0d6f3a2,0xffffffaeff0b96ea8e4f94b2253f31abdd875847,588.2994271
0x49628f658b07f7dc0b7c877aafa178f585c5985e831690f8453d79eb65e68840,2024-07-21 14:56:26.000 UTC,0x5275817b74021e97c980e95ede6bbac0d0d6f3a2,0xffffffaeff0b96ea8e4f94b2253f31abdd875847,1162.868856
0x9460f4e62815929224595eb05a7d411d90e8efbe1d7c81f519b9b47a05ab1370,2024-07-02 14:06:17.000 UTC,0x5275817b74021e97c980e95ede6bbac0d0d6f3a2,0xffffffaeff0b96ea8e4f94b2253f31abdd875847,2985.812011
0x44c06fa10beee30cb12f45d8dc4f4e3bd3a64df7c26e330933e67cf154d40240,2024-06-27 14:27:47.000 UTC,0x5275817b74021e97c980e95ede6bbac0d0d6f3a2,0xffffffaeff0b96ea8e4f94b2253f31abdd875847,515.3081718
0x793d078bead8b86b6984d5386c47cf50ed6e370b1e80ff4519e188d9be10283d,2024-06-22 21:02:40.000 UTC,0x78d262ee17922bfb29476e25df20eec17e252902,0xe67050a30f5d0af146f678f80f31477f53f89b24,132.2476705
0x1eeef9866ca89da86368f187e3390e50de372f7525645318e398bb132f676675,2024-07-04 10:54:16.000 UTC,0x78d262ee17922bfb29476e25df20eec17e252902,0x7d585b0e27bbb3d981b7757115ec11f47c476994,285.9576223
0x97d943267651da91092269933b55448a9c3278090c03868bcbc0952901189f2e,2024-07-31 00:32:55.000 UTC,0x1b648ade1ef219c87987cd60eba069a7faf1621f,0x11ddd59c33c73c44733b4123a86ea5ce57f6e854,2116.654431
0x1bc0220f88ff633a2c0582498db72192b345fcb90813685839bb3079ae87ec14,2024-07-31 01:45:46.000 UTC,0x1b648ade1ef219c87987cd60eba069a7faf1621f,0xf49f7bb6f4f50d272a0914a671895c4384696e5a,1860.522401
0x81d4f14a885fa2a62d51066a049c66cb201ffe9b6dee6255efad424cb0479e1d,2024-07-08 11:08:03.000 UTC,0x4e90da1ddcd5b0fb295b6a69251b5d04d5bcca7a,0x1231deb6f5749ef6ce6943a275a1d3e7486f4eae,59.05817962
0xc5a5c1fde91d706ce29c0b51a320d5758f2f43831d78f4078c29500346bc7814,2024-07-26 18:14:06.000 UTC,0x5275817b74021e97c980e95ede6bbac0d0d6f3a2,0x5ebbcc9ec6d63b2894b8d146bf58e6b2c377a169,7500
0x50aa71d7983fbd2a285c7d1f13e5bf8ad3160b527a937cd4598373649d099d69,2024-07-26 18:15:54.000 UTC,0x5275817b74021e97c980e95ede6bbac0d0d6f3a2,0xffffffaeff0b96ea8e4f94b2253f31abdd875847,957.3664182
0x32d15f1a7220c6408117d2ce33b267ed1fad6e465112b45365031ee07eecf22a,2024-07-11 02:35:07.000 UTC,0x4e90da1ddcd5b0fb295b6a69251b5d04d5bcca7a,0x1231deb6f5749ef6ce6943a275a1d3e7486f4eae,15.23678701
0x4cfd52de1a95034df2b282fed272b4995a0160280ac19c80447216a7827b8f80,2024-06-24 07:13:23.000 UTC,0x4e90da1ddcd5b0fb295b6a69251b5d04d5bcca7a,0x83bb6048d55ea0a84795a939531fdc1314c0d3e3,47
0xb4977284064234fbe60167e6cb29193c93fb041c2e81699c4fb747b44b6b6e05,2024-06-24 07:28:13.000 UTC,0x4e90da1ddcd5b0fb295b6a69251b5d04d5bcca7a,0xfae2ae0a9f87fd35b5b0e24b47bac796a7eefea1,218.5531413
0x65b0d8264edb8f29f7a697ab0cd0d31569cfc809e45f05f71f4a4da5c6f48006,2024-06-24 08:44:56.000 UTC,0x42580770842cd0497f33f7dc8b864ee1dda35486,0xdb6f1920a889355780af7570773609bd8cb1f498,91.11
0x03cf6381fdd7c7df99213f59090d82480557c5cfe0bfef11c29a0e1057764958,2024-07-17 11:29:39.000 UTC,0x78d262ee17922bfb29476e25df20eec17e252902,0xc6f780497a95e246eb9449f5e4770916dcd6396a,32.21553774
0x065d4d61ca55cdabc7091c8bf514e4ded1016069b7947edb9577457b32cf6b90,2024-08-01 03:16:10.000 UTC,0x74e142df816c376bd35d7ae02914fc8168fcd45f,0x5ebbcc9ec6d63b2894b8d146bf58e6b2c377a169,338.4752367
0x3dcaf7debbb5e613a0e604e6147e53f4587699ad7e13cbdda7cbec9015e9cf0b,2024-07-09 00:21:13.000 UTC,0x74e142df816c376bd35d7ae02914fc8168fcd45f,0x9b99e9c620b2e2f09e0b9fced8f679eecf2653fe,1489.210399
0x104cde1ae5f1eaac18ad1560a5fb03980ad702cd77bc85c3c924ef13dfb3922f,2024-07-08 14:13:46.000 UTC,0x74e142df816c376bd35d7ae02914fc8168fcd45f,0x0ac75de41e50010a59296a3917a00de397f8e418,55.28534614
0x9b88fea8faa8ed3c56145e4b883c5118969e5f38afb304acdd6912cfab53878e,2024-06-24 02:29:10.000 UTC,0x74e142df816c376bd35d7ae02914fc8168fcd45f,0xf0d137c65533a6e9a3d8443648de159114db7912,136.3684777
0x993a166d92ef06d16f36206bfdf8fcb584ae3b409e981a876a94458bc721bfe5,2024-07-19 04:55:56.000 UTC,0x74e142df816c376bd35d7ae02914fc8168fcd45f,0x5ebbcc9ec6d63b2894b8d146bf58e6b2c377a169,34.90728235
0x23c19e46be290d262920adb67932b3baf6fae92c1ff3244bf6b7d505f8ce9dd4,2024-06-24 13:34:33.000 UTC,0x74e142df816c376bd35d7ae02914fc8168fcd45f,0xadab6f490c89987cc585f44675cfc467195b7246,130.4790414
0x13336cef77e2d58fcc0a831c8f24769e8713be5d6e8e257f2b64b060277491ac,2024-06-24 13:47:34.000 UTC,0x74e142df816c376bd35d7ae02914fc8168fcd45f,0xadab6f490c89987cc585f44675cfc467195b7246,515.6316923
0x8e5cd36016ebd578dc87deab20e5d32a2d1b229a45d7e501172d1091b2c4cd0d,2024-07-03 10:32:50.000 UTC,0x74e142df816c376bd35d7ae02914fc8168fcd45f,0x5ebbcc9ec6d63b2894b8d146bf58e6b2c377a169,481.1831855
0x5279b710df1ca584ea3f3684ac6435290a5bdeb1ad23243cee107ead2d390f49,2024-07-11 08:14:35.000 UTC,0x74e142df816c376bd35d7ae02914fc8168fcd45f,0x5ebbcc9ec6d63b2894b8d146bf58e6b2c377a169,44.82178644
0xfb7b8967903e25782f452d3374e03db39ee63e6e5e4519a5ef1d2b2cc5300284,2024-06-21 05:02:39.000 UTC,0x74e142df816c376bd35d7ae02914fc8168fcd45f,0xf0d137c65533a6e9a3d8443648de159114db7912,176.0409081
0xe5dd72b079f74ce8b4eb3b5af1cc08ffa52ccf53b51b830ccb96d7d364b89dc6,2024-06-21 06:33:21.000 UTC,0x74e142df816c376bd35d7ae02914fc8168fcd45f,0xf0d137c65533a6e9a3d8443648de159114db7912,323.3906441
0x25f04e4eed92a7409536ddb28643c5f04874849c947a5068d8bf21628a756a34,2024-07-17 08:44:08.000 UTC,0x74e142df816c376bd35d7ae02914fc8168fcd45f,0x5ebbcc9ec6d63b2894b8d146bf58e6b2c377a169,274.5163964
0xeca08405fa8a97d2fd4dac1a4bfd438d099ad25f6bf1ecd803c864a5029aff06,2024-07-24 14:54:11.000 UTC,0x74e142df816c376bd35d7ae02914fc8168fcd45f,0x5ebbcc9ec6d63b2894b8d146bf58e6b2c377a169,202.8561657
0x1f4cb8215737b7e64fa2a2fe171e42b513083d4f083210461349c40d72e3703c,2024-06-27 12:17:39.000 UTC,0x74e142df816c376bd35d7ae02914fc8168fcd45f,0x49d18cc297f04aa128f90f71cc656a6c5f5da5aa,13341.88372
0x8dd8e6f5e6e823c959e2926652b6f74768ff7e214bc294fd2b20912dc3de08bf,2024-06-27 13:00:54.000 UTC,0x74e142df816c376bd35d7ae02914fc8168fcd45f,0x49d18cc297f04aa128f90f71cc656a6c5f5da5aa,6665.469889
0xe65760523a325e7c8abde9c36099e12535730d7e6d42239e4a0e1d02eada81a8,2024-06-25 20:48:28.000 UTC,0x7dd0ca0f62d84cafa9d938f2660ba221d8d32684,0x1231deb6f5749ef6ce6943a275a1d3e7486f4eae,219.69
0x49b19c8f3c64d3a434c740a586cc3cd21a1eb590e7f93ffe7df70060d65624e8,2024-06-28 02:03:13.000 UTC,0x74e142df816c376bd35d7ae02914fc8168fcd45f,0x61178775c2239117745ae76c8ab9fcde737c275d,2701.59769
0x57dbba8eac12ccfce624ca311ccd2c609f9d20c30ea89eead162f4d58f14ba65,2024-06-28 10:13:17.000 UTC,0x74e142df816c376bd35d7ae02914fc8168fcd45f,0x7f9a5443c1938fcc7b5a0fffa94385cc867a9495,1996.914162
0x8d15e68b3b8738c9b68fd34f06819bae3b5abc2cb37f89d85aa3e7a4b4e1c328,2024-07-20 12:15:12.000 UTC,0x40c44b91e3fd45cdbd860d81e123c73871a9cc3d,0xf7c709f546903171027eb4b462dfbf6290f0b051,0
0x6f9c8685a44bc4499ef94031619b1ea90d9b9e5e905f67664dbf20afec78dab1,2024-06-30 19:31:17.000 UTC,0x7dd0ca0f62d84cafa9d938f2660ba221d8d32684,0x1231deb6f5749ef6ce6943a275a1d3e7486f4eae,11.77937174
0x042ed42bf025f31edaa06fd6b7312c16917c3b6ec00a8348986265a1dee13401,2024-07-20 05:46:18.000 UTC,0x40c44b91e3fd45cdbd860d81e123c73871a9cc3d,0xf7c7cb4537312d03a65f452ea272a55f77b9b051,2466.96
0x972e8131d2b8f10b88a09e9384c19bad610a4599cf8f445adb492b6b02f8e903,2024-06-27 00:22:55.000 UTC,0x74e142df816c376bd35d7ae02914fc8168fcd45f,0xf0d137c65533a6e9a3d8443648de159114db7912,2074.330805
0x8cf9c25f2ed3083b6ae3a133018b14d8858d849320c1d31ac50ddf2ffca211b2,2024-07-22 12:51:26.000 UTC,0x7dd0ca0f62d84cafa9d938f2660ba221d8d32684,0x9b99e9c620b2e2f09e0b9fced8f679eecf2653fe,206.9159045
0xf5084fd521c1576fadacd852b0dbeeb07839d4a3ca75f556829152c42ac0eb70,2024-07-12 07:12:21.000 UTC,0x64df7af696e0977771a0e1e1b1a8dd22ded3cf4b,0xb0f6ca40411360c03d41c5ffc5f179b8403cdcf8,26.06527789
0x2a54a2e56d4e9a49f2dd861ec3593d8e72df6e7b6ae9faa4a0e693379c956152,2024-06-27 13:28:14.000 UTC,0x74e142df816c376bd35d7ae02914fc8168fcd45f,0x49d18cc297f04aa128f90f71cc656a6c5f5da5aa,4048.351974
0xb049ccfeb3095e2f817845ee10490d5a9d01435902fa5331cef2b4a158ed7af1,2024-06-27 13:57:34.000 UTC,0x74e142df816c376bd35d7ae02914fc8168fcd45f,0x49d18cc297f04aa128f90f71cc656a6c5f5da5aa,2071.050156
0x32b18898ec9dabfbadad7e701e277f8e271bced9b4bbd5a6fa0fd43420b1d9fa,2024-06-27 14:20:13.000 UTC,0x74e142df816c376bd35d7ae02914fc8168fcd45f,0x49d18cc297f04aa128f90f71cc656a6c5f5da5aa,613.5956583
0xf0360ef5af1d6b3fea88059997793bb78ba91380f8af5456206c768630aaca60,2024-06-24 07:07:41.000 UTC,0x74e142df816c376bd35d7ae02914fc8168fcd45f,0xf0d137c65533a6e9a3d8443648de159114db7912,830.9527902
0xad2f5a3b58aab500ca430d88be8679577c48dad155610b67229289de3e344f79,2024-07-18 13:12:33.000 UTC,0x74e142df816c376bd35d7ae02914fc8168fcd45f,0x9b99e9c620b2e2f09e0b9fced8f679eecf2653fe,16.88934231
0xd957e121094345b97f9057d75414653ee33c8b752f2bf3dbccb7b659251e7e86,2024-07-01 22:39:49.000 UTC,0x74e142df816c376bd35d7ae02914fc8168fcd45f,0x5ebbcc9ec6d63b2894b8d146bf58e6b2c377a169,640.0559032
0x811a38c546d3a005b45ac365006632484dc08d3dd5008a90e374309cf67319c8,2024-07-01 23:06:36.000 UTC,0x74e142df816c376bd35d7ae02914fc8168fcd45f,0x5ebbcc9ec6d63b2894b8d146bf58e6b2c377a169,2154.979067
0x666448b7ca43cdafb1b40858a508ccd0bf68b6dd10b009cd4a3ceac058ebd3c8,2024-07-10 08:41:57.000 UTC,0x74e142df816c376bd35d7ae02914fc8168fcd45f,0x5ebbcc9ec6d63b2894b8d146bf58e6b2c377a169,2082.062904
0xd748a985f65b79592758b9371a9f60f1fd2ed837097d699423413898ac286523,2024-07-23 00:30:45.000 UTC,0x74e142df816c376bd35d7ae02914fc8168fcd45f,0x5ebbcc9ec6d63b2894b8d146bf58e6b2c377a169,605.5263468
0xfcec92a8b34b294669be9e4c6b851150d6728bb2e63e9615e07c182b6ffa4aed,2024-07-14 00:22:24.000 UTC,0x74e142df816c376bd35d7ae02914fc8168fcd45f,0x5ebbcc9ec6d63b2894b8d146bf58e6b2c377a169,92.25209247
0x45d3be1b319558b13c71b17b88b63b385190166c1990fd113a2b73260145408e,2024-07-10 22:57:40.000 UTC,0x74e142df816c376bd35d7ae02914fc8168fcd45f,0xc09f4ad33a164e29df3c94719ffd5f7b5b057781,1.307105682
0x943befda149d93622178e11e49b89260b53a02140bf954ce60a4862de885783d,2024-07-10 23:42:35.000 UTC,0x74e142df816c376bd35d7ae02914fc8168fcd45f,0x5ebbcc9ec6d63b2894b8d146bf58e6b2c377a169,193.9286272
0x3f018c6d673071fa36fd8cfa8a2c4867964b3cdbb328ab7a2b9cf85fd2ca80ab,2024-07-10 14:05:48.000 UTC,0x74e142df816c376bd35d7ae02914fc8168fcd45f,0x5ebbcc9ec6d63b2894b8d146bf58e6b2c377a169,1093.092332
0xeff9bcd994f19ed591fe1d108723d7f38faa54824f56f49c7725df88d4987729,2024-06-26 07:31:52.000 UTC,0x74e142df816c376bd35d7ae02914fc8168fcd45f,0xf0d137c65533a6e9a3d8443648de159114db7912,283.5267594
0x929bf7a2b39fb06dfd1761ae7ee59e769d68d2437af58a9f7d767b759ace02f9,2024-06-26 08:41:19.000 UTC,0x74e142df816c376bd35d7ae02914fc8168fcd45f,0x61178775c2239117745ae76c8ab9fcde737c275d,1376.5
0x9ae63f173922669ba3a111676232f150710c0d67c3cc5cca9276eb1f4ed48e7a,2024-06-26 08:42:00.000 UTC,0x74e142df816c376bd35d7ae02914fc8168fcd45f,0x5f4ced6237bbb278b693a2b46d3ef1f45ba27ea9,662.4974103
0x5d303300e33569cc9845b5812be88ca7d9c82c1709d2c82821d2c2b6f6d61e6e,2024-07-15 00:08:07.000 UTC,0x74e142df816c376bd35d7ae02914fc8168fcd45f,0x5ebbcc9ec6d63b2894b8d146bf58e6b2c377a169,92.9153066
0xf9ba1a5da12bb5707f225d0f11e18c8da8f5befaeaac8c69dde101c50e9c28e2,2024-06-25 00:56:19.000 UTC,0x74e142df816c376bd35d7ae02914fc8168fcd45f,0x0ac75de41e50010a59296a3917a00de397f8e418,12.30094048
0x2eeef81587365f4c0e6e6ad24506f8598e8e5343a222e30d2c0211eac4615ac0,2024-07-04 13:40:06.000 UTC,0x74e142df816c376bd35d7ae02914fc8168fcd45f,0x5ebbcc9ec6d63b2894b8d146bf58e6b2c377a169,51.35113856
